Modelo,Violaciones,Proporcion,Expected_Shortfall
Normal,113,0.04493041749502982,-4.277917320414852
t-Student,108,0.04294234592445328,-4.455173651137394
